{
	"class_name" : "PinholeCameraParameters",
	"extrinsic" : 
	[
		0.9792685054516943,
		-0.19731254566182121,
		-0.045836159905218277,
		0.0,
		-0.20207574855001451,
		-0.96729974552343478,
		-0.15328598813410718,
		0.0,
		-0.014092057279060695,
		0.15937051683027842,
		-0.9871182564854597,
		0.0,
		0.095870900375107856,
		0.011638584640095706,
		5.2529782963740042,
		1.0
	],
	"intrinsic" : 
	{
		"height" : 1061,
		"intrinsic_matrix" : 
		[
			918.85295341528945,
			0.0,
			0.0,
			0.0,
			918.85295341528945,
			0.0,
			959.5,
			530.0,
			1.0
		],
		"width" : 1920
	},
	"version_major" : 1,
	"version_minor" : 0
}